seq,kanji,kyuuji,gakunen
1,亜,亞,7
2,哀,,7
3,挨,,7
4,愛,,4
5,曖,,7
6,悪,惡,3
7,握,,7
8,圧,壓,5
9,扱,,7
10,宛,,7
11,嵐,,7
12,安,,3
13,案,,4
14,暗,,3
15,以,,4
16,衣,,4
17,位,,4
18,囲,圍,5
19,医,醫,3
20,依,,7
21,委,,3
22,威,,7
23,為,爲,7
24,畏,,7
25,胃,,6
26,尉,,7
27,異,,6
28,移,,5
29,萎,,7
30,偉,,7
31,椅,,7
32,彙,,7
33,意,,3
34,違,,7
35,維,,7
36,慰,,7
37,遺,,6
38,緯,,7
39,域,,6
40,育,,3
41,一,,1
42,壱,壹,7
43,逸,逸,7
44,茨,,4
45,芋,,7
46,引,,2
47,印,,4
48,因,,5
49,咽,,7
50,姻,,7
51,員,,3
52,院,,3
53,淫,,7
54,陰,,7
55,飲,飮,3
56,隠,隱,7
57,韻,,7
58,右,,1
59,宇,,6
60,羽,羽,2
61,雨,,1
62,唄,,7
63,鬱,,7
64,畝,,7
65,浦,,7
66,運,,3
67,雲,,2
68,永,,5
69,泳,,3
70,英,,4
71,映,,6
72,栄,榮,4
73,営,營,5
74,詠,,7
75,影,,7
76,鋭,銳,7
77,衛,衞,5
78,易,,5
79,疫,,7
80,益,益,5
81,液,,5
82,駅,驛,3
83,悦,悅,7
84,越,,7
85,謁,謁,7
86,閲,閱,7
87,円,圓,1
88,延,,6
89,沿,,6
90,炎,,7
91,怨,,7
92,宴,,7
93,媛,,4
94,援,,7
95,園,,2
96,煙,,7
97,猿,,7
98,遠,,2
99,鉛,,7
100,塩,鹽,4
101,演,,5
102,縁,緣,7
103,艶,艷,7
104,汚,,7
105,王,,1
106,凹,,7
107,央,,3
108,応,應,5
109,往,,5
110,押,,7
111,旺,,7
112,欧,歐,7
113,殴,毆,7
114,桜,櫻,5
115,翁,,7
116,奥,奧,7
117,横,橫,3
118,岡,,4
119,屋,,3
120,億,,4
121,憶,,7
122,臆,,7
123,虞,,7
124,乙,,7
125,俺,,7
126,卸,,7
127,音,,1
128,恩,,6
129,温,溫,3
130,穏,穩,7
131,下,,1
132,化,,3
133,火,,1
134,加,,4
135,可,,5
136,仮,假,5
137,何,,2
138,花,,1
139,佳,,7
140,価,價,5
141,果,,4
142,河,,5
143,苛,,7
144,科,,2
145,架,,7
146,夏,,2
147,家,,2
148,荷,,3
149,華,,7
150,菓,,7
151,貨,,4
152,渦,,7
153,過,,5
154,嫁,,7
155,暇,,7
156,禍,禍,7
157,靴,,7
158,寡,,7
159,歌,,2
160,箇,,7
161,稼,,7
162,課,,4
163,蚊,,7
164,牙,,7
165,瓦,,7
166,我,,6
167,画,畫,2
168,芽,,4
169,賀,,4
170,雅,,7
171,餓,,7
172,介,,7
173,回,,2
174,灰,,6
175,会,會,2
176,快,,5
177,戒,,7
178,改,,4
179,怪,,7
180,拐,,7
181,悔,悔,7
182,海,海,2
183,界,,3
184,皆,,7
185,械,,4
186,絵,繪,2
187,開,,3
188,階,,3
189,塊,,7
190,楷,,7
191,解,,5
192,潰,,7
193,壊,壞,7
194,懐,懷,7
195,諧,,7
196,貝,,1
197,外,,2
198,劾,,7
199,害,,4
200,崖,,7
201,涯,,7
202,街,,4
203,慨,慨,7
204,蓋,,7
205,該,,7
206,概,槪,7
207,骸,,7
208,垣,,7
209,柿,,7
210,各,,4
211,角,,2
212,拡,擴,6
213,革,,6
214,格,,5
215,核,,7
216,殻,殼,7
217,郭,,7
218,覚,覺,4
219,較,,7
220,隔,,7
221,閣,,6
222,確,,5
223,獲,,7
224,嚇,,7
225,穫,,7
226,学,學,1
227,岳,嶽,7
228,楽,樂,2
229,額,,5
230,顎,,7
231,掛,,7
232,潟,,4
233,括,,7
234,活,,2
235,喝,喝,7
236,渇,渴,7
237,割,,6
238,葛,,7
239,滑,,7
240,褐,褐,7
241,轄,,7
242,且,,7
243,株,,6
244,釜,,7
245,鎌,,7
246,刈,,7
247,干,,6
248,刊,,5
249,甘,,7
250,汗,,7
251,缶,罐,7
252,完,,4
253,肝,,7
254,官,,4
255,冠,,7
256,巻,卷,6
257,看,,6
258,陥,陷,7
259,乾,,7
260,勘,,7
261,患,,7
262,貫,,7
263,寒,,3
264,喚,,7
265,堪,,7
266,換,,7
267,敢,,7
268,棺,,7
269,款,,7
270,間,,2
271,閑,,7
272,勧,勸,7
273,寛,寬,7
274,幹,,5
275,感,,3
276,漢,漢,3
277,慣,,5
278,管,,4
279,関,關,4
280,歓,歡,7
281,監,,7
282,緩,,7
283,憾,,7
284,還,,7
285,館,館,3
286,環,,7
287,簡,,6
288,観,觀,4
289,韓,,7
290,艦,,7
291,鑑,,7
292,丸,,2
293,含,,7
294,岸,,3
295,岩,,2
296,玩,,7
297,眼,,5
298,頑,,7
299,顔,顏,2
300,願,,4
301,企,,7
302,伎,,7
303,危,,6
304,机,,6
305,気,氣,1
306,岐,,4
307,希,,4
308,忌,,7
309,汽,,2
310,奇,,7
311,祈,祈,7
312,季,,4
313,紀,,5
314,軌,,7
315,既,旣,7
316,記,,2
317,起,,3
318,飢,,7
319,鬼,,7
320,帰,歸,2
321,基,,5
322,寄,,5
323,規,,5
324,亀,龜,7
325,喜,,5
326,幾,,7
327,揮,,6
328,期,,3
329,棋,,7
330,貴,,6
331,棄,,7
332,毀,,7
333,旗,,4
334,器,器,4
335,畿,,7
336,輝,,7
337,機,,4
338,騎,,7
339,技,,5
340,宜,,7
341,偽,僞,7
342,欺,,7
343,義,,5
344,疑,,6
345,儀,,7
346,戯,戲,7
347,擬,,7
348,犠,犧,7
349,議,,4
350,菊,,7
351,吉,,7
352,喫,,7
353,詰,,7
354,却,,7
355,客,,3
356,脚,,7
357,逆,,5
358,虐,,7
359,九,,1
360,久,,5
361,及,,7
362,弓,,2
363,丘,,7
364,旧,舊,5
365,休,,1
366,吸,,6
367,朽,,7
368,臼,,7
369,求,,4
370,究,,3
371,泣,,4
372,急,,3
373,級,,3
374,糾,,7
375,宮,,3
376,救,,5
377,球,,3
378,給,,4
379,嗅,,7
380,窮,,7
381,牛,,2
382,去,,3
383,巨,,7
384,居,,5
385,拒,,7
386,拠,據,7
387,挙,擧,4
388,虚,虛,7
389,許,,5
390,距,,7
391,魚,,2
392,御,,7
393,漁,,4
394,凶,,7
395,共,,4
396,叫,,7
397,狂,,7
398,京,,2
399,享,,7
400,供,,6
401,協,,4
402,況,,7
403,峡,峽,7
404,挟,挾,7
405,狭,狹,7
406,恐,,7
407,恭,,7
408,胸,,6
409,脅,,7
410,強,,2
411,教,敎,2
412,郷,鄕,6
413,境,,5
414,橋,,3
415,矯,,7
416,鏡,,4
417,競,,4
418,響,響,7
419,驚,,7
420,仰,,7
421,暁,曉,7
422,業,,3
423,凝,,7
424,曲,,3
425,局,,3
426,極,,4
427,玉,,1
428,巾,,7
429,斤,,7
430,均,,5
431,近,,2
432,金,,1
433,菌,,7
434,勤,勤,6
435,琴,,7
436,筋,,6
437,僅,,7
438,禁,,5
439,緊,,7
440,錦,,7
441,謹,謹,7
442,襟,,7
443,吟,,7
444,銀,,3
445,区,區,3
446,句,,5
447,苦,,3
448,駆,驅,7
449,具,,3
450,惧,,7
451,愚,,7
452,空,,1
453,偶,,7
454,遇,,7
455,隅,,7
456,串,,7
457,屈,,7
458,掘,,7
459,窟,,7
460,熊,,4
461,繰,,7
462,君,,3
463,訓,,4
464,勲,勳,7
465,薫,薰,7
466,軍,,4
467,郡,,4
468,群,,4
469,兄,,2
470,刑,,7
471,形,,2
472,系,,6
473,径,徑,4
474,茎,莖,7
475,係,,3
476,型,,5
477,契,,7
478,計,,2
479,恵,惠,7
480,啓,,7
481,掲,揭,7
482,渓,溪,7
483,経,經,5
484,蛍,螢,7
485,敬,,6
486,景,,4
487,軽,輕,3
488,傾,,7
489,携,,7
490,継,繼,7
491,詣,,7
492,慶,,7
493,憬,,7
494,稽,,7
495,憩,,7
496,警,,6
497,鶏,鷄,7
498,芸,藝,4
499,迎,,7
500,鯨,,7
501,隙,,7
502,劇,,6
503,撃,擊,7
504,激,,6
505,桁,,7
506,欠,缺,4
507,穴,,6
508,血,,3
509,決,,3
510,結,,4
511,傑,,7
512,潔,,5
513,月,,1
514,犬,,1
515,件,,5
516,見,,1
517,券,,6
518,肩,,7
519,建,,4
520,研,硏,3
521,県,縣,3
522,倹,儉,7
523,兼,,7
524,剣,劍,7
525,拳,,7
526,軒,,7
527,健,,4
528,険,險,5
529,圏,圈,7
530,堅,,7
531,検,檢,5
532,嫌,,7
533,献,獻,7
534,絹,,6
535,遣,,7
536,権,權,6
537,憲,,6
538,賢,,7
539,謙,,7
540,鍵,,7
541,繭,,7
542,顕,顯,7
543,験,驗,4
544,懸,,7
545,元,,2
546,幻,,7
547,玄,,7
548,言,,2
549,弦,,7
550,限,,5
551,原,,2
552,現,,5
553,舷,,7
554,減,,5
555,源,,6
556,厳,嚴,6
557,己,,6
558,戸,戶,2
559,古,,2
560,呼,,6
561,固,,4
562,股,,7
563,虎,,7
564,孤,,7
565,弧,,7
566,故,,5
567,枯,,7
568,個,,5
569,庫,,3
570,湖,,3
571,雇,,7
572,誇,,7
573,鼓,,7
574,錮,,7
575,顧,,7
576,五,,1
577,互,,7
578,午,,2
579,呉,吳,7
580,後,,2
581,娯,娛,7
582,悟,,7
583,碁,,7
584,語,,2
585,誤,,6
586,護,,5
587,口,,1
588,工,,2
589,公,,2
590,勾,,7
591,孔,,7
592,功,,4
593,巧,,7
594,広,廣,2
595,甲,,7
596,交,,2
597,光,,2
598,向,,3
599,后,,6
600,好,,4
601,江,,7
602,考,,2
603,行,,2
604,坑,,7
605,孝,,6
606,抗,,7
607,攻,,7
608,更,,7
609,効,,5
610,幸,,3
611,拘,,7
612,肯,,7
613,侯,,7
614,厚,,5
615,恒,恆,7
616,洪,,7
617,皇,,6
618,紅,,6
619,荒,,7
620,郊,,7
621,香,,4
622,候,,4
623,校,,1
624,耕,,5
625,航,,5
626,貢,,7
627,降,,6
628,高,,2
629,康,,4
630,控,,7
631,梗,,7
632,黄,黃,2
633,喉,,7
634,慌,,7
635,港,,3
636,硬,,7
637,絞,,7
638,項,,7
639,溝,,7
640,鉱,鑛,5
641,構,,5
642,綱,,7
643,酵,,7
644,稿,,7
645,興,,5
646,衡,,7
647,鋼,,6
648,講,,5
649,購,,7
650,乞,,7
651,号,號,3
652,合,,2
653,拷,,7
654,剛,,7
655,傲,,7
656,豪,,7
657,克,,7
658,告,吿,5
659,谷,,2
660,刻,,6
661,国,國,2
662,黒,黑,2
663,穀,穀,6
664,酷,,7
665,獄,,7
666,骨,,6
667,駒,,7
668,込,,7
669,頃,,7
670,今,,2
671,困,,6
672,昆,,7
673,恨,,7
674,根,,3
675,婚,,7
676,混,,5
677,痕,,7
678,紺,,7
679,魂,,7
680,墾,,7
681,懇,,7
682,左,,1
683,佐,,4
684,沙,,7
685,査,,5
686,砂,,6
687,唆,,7
688,差,,4
689,詐,,7
690,鎖,,7
691,座,,6
692,挫,,7
693,才,,2
694,再,,5
695,災,,5
696,妻,,5
697,采,,7
698,砕,碎,7
699,宰,,7
700,栽,,7
701,彩,,7
702,採,,5
703,済,濟,6
704,祭,,3
705,斎,齋,7
706,細,,2
707,菜,,4
708,最,,4
709,裁,,6
710,債,,7
711,催,,7
712,塞,,7
713,歳,歲,7
714,載,,7
715,際,,5
716,埼,,4
717,在,,5
718,材,,4
719,剤,劑,7
720,財,,5
721,罪,,5
722,崎,,4
723,作,,2
724,削,,7
725,昨,,4
726,柵,,7
727,索,,7
728,策,,6
729,酢,,7
730,搾,,7
731,錯,,7
732,咲,,7
733,冊,册,6
734,札,,4
735,刷,,4
736,刹,,7
737,拶,,7
738,殺,殺,5
739,察,,4
740,撮,,7
741,擦,,7
742,雑,雜,5
743,皿,,3
744,三,,1
745,山,,1
746,参,參,4
747,桟,棧,7
748,蚕,蠶,6
749,惨,慘,7
750,産,產,4
751,傘,,7
752,散,,4
753,算,,2
754,酸,,5
755,賛,贊,5
756,残,殘,4
757,斬,,7
758,暫,,7
759,士,,5
760,子,,1
761,支,,5
762,止,,2
763,氏,,4
764,仕,,3
765,史,,5
766,司,,4
767,四,,1
768,市,,2
769,矢,,2
770,旨,,7
771,死,,3
772,糸,絲,1
773,至,,6
774,伺,,7
775,志,,5
776,私,,6
777,使,,3
778,刺,,7
779,始,,3
780,姉,,2
781,枝,,5
782,祉,祉,7
783,肢,,7
784,姿,,6
785,思,,2
786,指,,3
787,施,,7
788,師,,5
789,恣,,7
790,紙,,2
791,脂,,7
792,視,視,6
793,紫,,7
794,詞,,6
795,歯,齒,3
796,嗣,,7
797,試,,4
798,詩,,3
799,資,,5
800,飼,飼,5
801,誌,,6
802,雌,,7
803,摯,,7
804,賜,,7
805,諮,,7
806,示,,5
807,字,,1
808,寺,,2
809,次,,3
810,耳,,1
811,自,,2
812,似,,5
813,児,兒,4
814,事,,3
815,侍,,7
816,治,,4
817,持,,3
818,時,,2
819,滋,,4
820,慈,,7
821,辞,辭,4
822,磁,,6
823,餌,,7
824,璽,,7
825,鹿,,4
826,式,,3
827,識,,5
828,軸,,7
829,七,,1
830,𠮟,,7
831,失,,4
832,室,,2
833,疾,,7
834,執,,7
835,湿,濕,7
836,嫉,,7
837,漆,,7
838,質,,5
839,実,實,3
840,芝,,7
841,写,寫,3
842,社,社,2
843,車,,1
844,舎,舍,5
845,者,者,3
846,射,,6
847,捨,,6
848,赦,,7
849,斜,,7
850,煮,煮,7
851,遮,,7
852,謝,,5
853,邪,,7
854,蛇,,7
855,尺,,6
856,借,,4
857,酌,,7
858,釈,釋,7
859,爵,,7
860,若,,6
861,弱,,2
862,寂,,7
863,手,,1
864,主,,3
865,守,,3
866,朱,,7
867,取,,3
868,狩,,7
869,首,,2
870,殊,,7
871,珠,,7
872,酒,,3
873,腫,,7
874,種,,4
875,趣,,7
876,寿,壽,7
877,受,,3
878,呪,,7
879,授,,5
880,需,,7
881,儒,,7
882,樹,,6
883,収,收,6
884,囚,,7
885,州,,3
886,舟,,7
887,秀,,7
888,周,,4
889,宗,,6
890,拾,,3
891,秋,,2
892,臭,臭,7
893,修,,5
894,袖,,7
895,終,,3
896,羞,,7
897,習,,3
898,週,,2
899,就,,6
900,衆,,6
901,集,,3
902,愁,,7
903,酬,,7
904,醜,,7
905,蹴,,7
906,襲,,7
907,十,,1
908,汁,,7
909,充,,7
910,住,,3
911,柔,,7
912,重,,3
913,従,從,6
914,渋,澁,7
915,銃,,7
916,獣,獸,7
917,縦,縱,6
918,叔,,7
919,祝,祝,4
920,宿,,3
921,淑,,7
922,粛,肅,7
923,縮,,6
924,塾,,7
925,熟,,6
926,出,,1
927,述,,5
928,術,,5
929,俊,,7
930,春,,2
931,瞬,,7
932,旬,,7
933,巡,,7
934,盾,,7
935,准,,7
936,殉,,7
937,純,,6
938,循,,7
939,順,,4
940,準,,5
941,潤,,7
942,遵,,7
943,処,處,6
944,初,,4
945,所,,3
946,書,,2
947,庶,,7
948,暑,暑,3
949,署,署,6
950,緒,緖,7
951,諸,諸,6
952,女,,1
953,如,,7
954,助,,3
955,序,,5
956,叙,敍,7
957,徐,,7
958,除,,6
959,小,,1
960,升,,7
961,少,,2
962,召,,7
963,匠,,7
964,床,,7
965,抄,,7
966,肖,,7
967,尚,尙,7
968,招,,5
969,承,,6
970,昇,,7
971,松,,4
972,沼,,7
973,昭,,3
974,宵,,7
975,将,將,6
976,消,,3
977,症,,7
978,祥,祥,7
979,称,稱,7
980,笑,,4
981,唱,,4
982,商,,3
983,渉,涉,7
984,章,,3
985,紹,,7
986,訟,,7
987,勝,,3
988,掌,,7
989,晶,,7
990,焼,燒,4
991,焦,,7
992,硝,,7
993,粧,,7
994,詔,,7
995,証,證,5
996,象,,5
997,傷,,6
998,奨,奬,7
999,照,,4
1000,詳,,7
1001,彰,,7
1002,障,,6
1003,憧,,7
1004,衝,,7
1005,賞,,5
1006,償,,7
1007,礁,,7
1008,鐘,,7
1009,上,,1
1010,丈,,7
1011,冗,,7
1012,条,條,5
1013,状,狀,5
1014,乗,乘,3
1015,城,,4
1016,浄,淨,7
1017,剰,剩,7
1018,常,,5
1019,情,,5
1020,場,,2
1021,畳,疊,7
1022,蒸,,6
1023,縄,繩,4
1024,壌,壤,7
1025,嬢,孃,7
1026,錠,,7
1027,譲,讓,7
1028,醸,釀,7
1029,色,,2
1030,拭,,7
1031,食,,2
1032,植,,3
1033,殖,,7
1034,飾,,7
1035,触,觸,7
1036,嘱,囑,7
1037,織,,5
1038,職,,5
1039,辱,,7
1040,尻,,7
1041,心,,2
1042,申,,3
1043,伸,,7
1044,臣,,4
1045,芯,,7
1046,身,,3
1047,辛,,7
1048,侵,,7
1049,信,,4
1050,津,,7
1051,神,神,3
1052,唇,,7
1053,娠,,7
1054,振,,7
1055,浸,,7
1056,真,眞,3
1057,針,,6
1058,深,,3
1059,紳,,7
1060,進,,3
1061,森,,1
1062,診,,7
1063,寝,寢,7
1064,慎,愼,7
1065,新,,2
1066,審,,7
1067,震,,7
1068,薪,,7
1069,親,,2
1070,人,,1
1071,刃,,7
1072,仁,,6
1073,尽,盡,7
1074,迅,,7
1075,甚,,7
1076,陣,,7
1077,尋,,7
1078,腎,,7
1079,須,,7
1080,図,圖,2
1081,水,,1
1082,吹,,7
1083,垂,,6
1084,炊,,7
1085,帥,,7
1086,粋,粹,7
1087,衰,,7
1088,推,,6
1089,酔,醉,7
1090,遂,,7
1091,睡,,7
1092,穂,穗,7
1093,随,隨,7
1094,髄,髓,7
1095,枢,樞,7
1096,崇,,7
1097,数,數,2
1098,据,,7
1099,杉,,7
1100,裾,,7
1101,寸,,6
1102,瀬,瀨,7
1103,是,,7
1104,井,,4
1105,世,,3
1106,正,,1
1107,生,,1
1108,成,,4
1109,西,,2
1110,声,聲,2
1111,制,,5
1112,姓,,7
1113,征,,7
1114,性,,5
1115,青,靑,1
1116,斉,齊,7
1117,政,,5
1118,星,,2
1119,牲,,7
1120,省,,4
1121,凄,,7
1122,逝,,7
1123,清,淸,4
1124,盛,,6
1125,婿,,7
1126,晴,晴,2
1127,勢,,5
1128,聖,,6
1129,誠,,6
1130,精,精,5
1131,製,,5
1132,誓,,7
1133,静,靜,4
1134,請,,7
1135,整,,3
1136,醒,,7
1137,税,稅,5
1138,夕,,1
1139,斥,,7
1140,石,,1
1141,赤,,1
1142,昔,,3
1143,析,,7
1144,席,,4
1145,脊,,7
1146,隻,,7
1147,惜,,7
1148,戚,,7
1149,責,,5
1150,跡,,7
1151,積,,4
1152,績,,5
1153,籍,,7
1154,切,,2
1155,折,,4
1156,拙,,7
1157,窃,竊,7
1158,接,,5
1159,設,,5
1160,雪,,2
1161,摂,攝,7
1162,節,節,4
1163,説,說,4
1164,舌,,6
1165,絶,絕,5
1166,千,,1
1167,川,,1
1168,仙,,7
1169,占,,7
1170,先,,1
1171,宣,,6
1172,専,專,6
1173,泉,,6
1174,浅,淺,4
1175,洗,,6
1176,染,,6
1177,扇,,7
1178,栓,,7
1179,旋,,7
1180,船,,2
1181,戦,戰,4
1182,煎,,7
1183,羨,,7
1184,腺,,7
1185,詮,,7
1186,践,踐,7
1187,箋,,7
1188,銭,錢,6
1189,潜,潛,7
1190,線,,2
1191,遷,,7
1192,選,,4
1193,薦,,7
1194,繊,纖,7
1195,鮮,,7
1196,全,,3
1197,前,,2
1198,善,,6
1199,然,,4
1200,禅,禪,7
1201,漸,,7
1202,膳,,7
1203,繕,,7
1204,狙,,7
1205,阻,,7
1206,祖,祖,5
1207,租,,7
1208,素,,5
1209,措,,7
1210,粗,,7
1211,組,,2
1212,疎,,7
1213,訴,,7
1214,塑,,7
1215,遡,,7
1216,礎,,7
1217,双,雙,7
1218,壮,壯,7
1219,早,,1
1220,争,爭,4
1221,走,,2
1222,奏,,6
1223,相,,3
1224,荘,莊,7
1225,草,,1
1226,送,,3
1227,倉,,4
1228,捜,搜,7
1229,挿,揷,7
1230,桑,,7
1231,巣,巢,4
1232,掃,,7
1233,曹,,7
1234,曽,曾,7
1235,爽,,7
1236,窓,,6
1237,創,,6
1238,喪,,7
1239,痩,瘦,7
1240,葬,,7
1241,装,裝,6
1242,僧,僧,7
1243,想,,3
1244,層,層,6
1245,総,總,5
1246,遭,,7
1247,槽,,7
1248,踪,,7
1249,操,,6
1250,燥,,7
1251,霜,,7
1252,騒,騷,7
1253,藻,,7
1254,造,,5
1255,像,,5
1256,増,增,5
1257,憎,憎,7
1258,蔵,藏,6
1259,贈,贈,7
1260,臓,臟,6
1261,即,卽,7
1262,束,,4
1263,足,,1
1264,促,,7
1265,則,,5
1266,息,,3
1267,捉,,7
1268,速,,3
1269,側,,4
1270,測,,5
1271,俗,,7
1272,族,,3
1273,属,屬,5
1274,賊,,7
1275,続,續,4
1276,卒,,4
1277,率,,5
1278,存,,6
1279,村,,1
1280,孫,,4
1281,尊,,6
1282,損,,5
1283,遜,,7
1284,他,,3
1285,多,,2
1286,汰,,7
1287,打,,3
1288,妥,,7
1289,唾,,7
1290,堕,墮,7
1291,惰,,7
1292,駄,,7
1293,太,,2
1294,対,對,3
1295,体,體,2
1296,耐,,7
1297,待,,3
1298,怠,,7
1299,胎,,7
1300,退,,6
1301,帯,帶,4
1302,泰,,7
1303,堆,,7
1304,袋,,7
1305,逮,,7
1306,替,,7
1307,貸,,5
1308,隊,,4
1309,滞,滯,7
1310,態,,5
1311,戴,,7
1312,大,,1
1313,代,,3
1314,台,臺,2
1315,第,,3
1316,題,,3
1317,滝,瀧,7
1318,宅,,6
1319,択,擇,7
1320,沢,澤,7
1321,卓,,7
1322,拓,,7
1323,託,,7
1324,濯,,7
1325,諾,,7
1326,濁,,7
1327,但,,7
1328,達,,4
1329,脱,脫,7
1330,奪,,7
1331,棚,,7
1332,誰,,7
1333,丹,,7
1334,旦,,7
1335,担,擔,6
1336,単,單,4
1337,炭,,3
1338,胆,膽,7
1339,探,,6
1340,淡,,7
1341,短,,3
1342,嘆,嘆,7
1343,端,,7
1344,綻,,7
1345,誕,,6
1346,鍛,,7
1347,団,團,5
1348,男,,1
1349,段,,6
1350,断,斷,5
1351,弾,彈,7
1352,暖,,6
1353,談,,3
1354,壇,,7
1355,地,,2
1356,池,,2
1357,知,,2
1358,値,,6
1359,恥,,7
1360,致,,7
1361,遅,遲,7
1362,痴,,7
1363,稚,,7
1364,置,,4
1365,緻,,7
1366,竹,,1
1367,畜,,7
1368,逐,,7
1369,蓄,,7
1370,築,,5
1371,秩,,7
1372,窒,,7
1373,茶,,2
1374,着,,3
1375,嫡,,7
1376,中,,1
1377,仲,,4
1378,虫,蟲,1
1379,沖,,4
1380,宙,,6
1381,忠,,6
1382,抽,,7
1383,注,,3
1384,昼,晝,2
1385,柱,,3
1386,衷,,7
1387,酎,,7
1388,鋳,鑄,7
1389,駐,,7
1390,著,著,6
1391,貯,,5
1392,丁,,3
1393,弔,,7
1394,庁,廳,6
1395,兆,,4
1396,町,,1
1397,長,,2
1398,挑,,7
1399,帳,,3
1400,張,,5
1401,彫,,7
1402,眺,,7
1403,釣,,7
1404,頂,,6
1405,鳥,,2
1406,朝,,2
1407,貼,,7
1408,超,,7
1409,腸,,6
1410,跳,,7
1411,徴,徵,7
1412,嘲,,7
1413,潮,,6
1414,澄,,7
1415,調,,3
1416,聴,聽,7
1417,懲,懲,7
1418,直,,2
1419,勅,,7
1420,捗,,7
1421,沈,,7
1422,珍,,7
1423,朕,,7
1424,陳,,7
1425,賃,,6
1426,鎮,鎭,7
1427,追,,3
1428,椎,,7
1429,墜,,7
1430,通,,2
1431,痛,,6
1432,塚,塚,7
1433,漬,,7
1434,坪,,7
1435,爪,,7
1436,鶴,,7
1437,低,,4
1438,呈,,7
1439,廷,,7
1440,弟,,2
1441,定,,3
1442,底,,4
1443,抵,,7
1444,邸,,7
1445,亭,,7
1446,貞,,7
1447,帝,,7
1448,訂,,7
1449,庭,,3
1450,逓,遞,7
1451,停,,5
1452,偵,,7
1453,堤,,7
1454,提,,5
1455,程,,5
1456,艇,,7
1457,締,,7
1458,諦,,7
1459,泥,,7
1460,的,,4
1461,笛,,3
1462,摘,,7
1463,滴,,7
1464,適,,5
1465,敵,,6
1466,溺,,7
1467,迭,,7
1468,哲,,7
1469,鉄,鐵,3
1470,徹,,7
1471,撤,,7
1472,天,,1
1473,典,,4
1474,店,,2
1475,点,點,2
1476,展,,6
1477,添,,7
1478,転,轉,3
1479,塡,,7
1480,田,,1
1481,伝,傳,4
1482,殿,,7
1483,電,,2
1484,斗,,7
1485,吐,,7
1486,妬,,7
1487,徒,,4
1488,途,,7
1489,都,都,3
1490,渡,,7
1491,塗,,7
1492,賭,,7
1493,土,,1
1494,奴,,7
1495,努,,4
1496,度,,3
1497,怒,,7
1498,刀,,2
1499,冬,,2
1500,灯,燈,4
1501,当,當,2
1502,投,,3
1503,豆,,3
1504,東,,2
1505,到,,7
1506,逃,,7
1507,倒,,7
1508,凍,,7
1509,唐,,7
1510,島,,3
1511,桃,,7
1512,討,,6
1513,透,,7
1514,党,黨,6
1515,悼,,7
1516,盗,盜,7
1517,陶,,7
1518,塔,,7
1519,搭,,7
1520,棟,,7
1521,湯,,3
1522,痘,,7
1523,登,,3
1524,答,,2
1525,等,,3
1526,筒,,7
1527,統,,5
1528,稲,稻,7
1529,踏,,7
1530,糖,,6
1531,頭,,2
1532,謄,,7
1533,藤,,7
1534,闘,鬪,7
1535,騰,,7
1536,同,,2
1537,洞,,7
1538,胴,,7
1539,動,,3
1540,堂,,5
1541,童,,3
1542,道,,2
1543,働,,4
1544,銅,,5
1545,導,,5
1546,瞳,,7
1547,峠,,7
1548,匿,,7
1549,特,,4
1550,得,,5
1551,督,,7
1552,徳,德,4
1553,篤,,7
1554,毒,,5
1555,独,獨,5
1556,読,讀,2
1557,栃,,4
1558,凸,,7
1559,突,突,7
1560,届,屆,6
1561,屯,,7
1562,豚,,7
1563,頓,,7
1564,貪,,7
1565,鈍,,7
1566,曇,,7
1567,丼,,7
1568,那,,7
1569,奈,,4
1570,内,內,2
1571,梨,,4
1572,謎,,7
1573,鍋,,7
1574,南,,2
1575,軟,,7
1576,難,難,6
1577,二,,1
1578,尼,,7
1579,弐,貳,7
1580,匂,,7
1581,肉,,2
1582,虹,,7
1583,日,,1
1584,入,,1
1585,乳,,6
1586,尿,,7
1587,任,,5
1588,妊,,7
1589,忍,,7
1590,認,,6
1591,寧,,7
1592,熱,,4
1593,年,,1
1594,念,,4
1595,捻,,7
1596,粘,,7
1597,燃,,5
1598,悩,惱,7
1599,納,,6
1600,能,,5
1601,脳,腦,6
1602,農,,3
1603,濃,,7
1604,把,,7
1605,波,,3
1606,派,,6
1607,破,,5
1608,覇,,7
1609,馬,,2
1610,婆,,7
1611,罵,,7
1612,拝,拜,6
1613,杯,,7
1614,背,,6
1615,肺,,6
1616,俳,,6
1617,配,,3
1618,排,,7
1619,敗,,4
1620,廃,廢,7
1621,輩,,7
1622,売,賣,2
1623,倍,,3
1624,梅,梅,4
1625,培,,7
1626,陪,,7
1627,媒,,7
1628,買,,2
1629,賠,,7
1630,白,,1
1631,伯,,7
1632,拍,,7
1633,泊,,7
1634,迫,,7
1635,剝,,7
1636,舶,,7
1637,博,,4
1638,薄,,7
1639,麦,麥,2
1640,漠,,7
1641,縛,,7
1642,爆,,7
1643,箱,,3
1644,箸,,7
1645,畑,,3
1646,肌,,7
1647,八,,1
1648,鉢,,7
1649,発,發,3
1650,髪,髮,7
1651,伐,,7
1652,抜,拔,7
1653,罰,,7
1654,閥,,7
1655,反,,3
1656,半,,2
1657,氾,,7
1658,犯,,5
1659,帆,,7
1660,汎,,7
1661,伴,,7
1662,判,,5
1663,坂,,3
1664,阪,,4
1665,板,,3
1666,版,,5
1667,班,,6
1668,畔,,7
1669,般,,7
1670,販,,7
1671,斑,,7
1672,飯,飯,4
1673,搬,,7
1674,煩,,7
1675,頒,,7
1676,範,,7
1677,繁,繁,7
1678,藩,,7
1679,晩,晚,6
1680,番,,2
1681,蛮,蠻,7
1682,盤,,7
1683,比,,5
1684,皮,,3
1685,妃,,7
1686,否,,6
1687,批,,6
1688,彼,,7
1689,披,,7
1690,肥,,5
1691,非,,5
1692,卑,卑,7
1693,飛,,4
1694,疲,,7
1695,秘,祕,6
1696,被,,7
1697,悲,,3
1698,扉,,7
1699,費,,5
1700,碑,碑,7
1701,罷,,7
1702,避,,7
1703,尾,,7
1704,眉,,7
1705,美,,3
1706,備,,5
1707,微,,7
1708,鼻,,3
1709,膝,,7
1710,肘,,7
1711,匹,,7
1712,必,,4
1713,泌,,7
1714,筆,,3
1715,姫,姬,7
1716,百,,1
1717,氷,,3
1718,表,,3
1719,俵,,6
1720,票,,4
1721,評,,5
1722,漂,,7
1723,標,,4
1724,苗,,7
1725,秒,,3
1726,病,,3
1727,描,,7
1728,猫,,7
1729,品,,3
1730,浜,濱,7
1731,貧,,5
1732,賓,賓,7
1733,頻,頻,7
1734,敏,敏,7
1735,瓶,甁,7
1736,不,,4
1737,夫,,4
1738,父,,2
1739,付,,4
1740,布,,5
1741,扶,,7
1742,府,,4
1743,怖,,7
1744,阜,,4
1745,附,,7
1746,訃,,7
1747,負,,3
1748,赴,,7
1749,浮,,7
1750,婦,,5
1751,符,,7
1752,富,,4
1753,普,,7
1754,腐,,7
1755,敷,,7
1756,膚,,7
1757,賦,,7
1758,譜,,7
1759,侮,侮,7
1760,武,,5
1761,部,,3
1762,舞,,7
1763,封,,7
1764,風,,2
1765,伏,,7
1766,服,,3
1767,副,,4
1768,幅,,7
1769,復,,5
1770,福,福,3
1771,腹,,6
1772,複,,5
1773,覆,,7
1774,払,拂,7
1775,沸,,7
1776,仏,佛,5
1777,物,,3
1778,粉,,5
1779,紛,,7
1780,雰,,7
1781,噴,,7
1782,墳,,7
1783,憤,,7
1784,奮,,6
1785,分,,2
1786,文,,1
1787,聞,,2
1788,丙,,7
1789,平,,3
1790,兵,,4
1791,併,倂,7
1792,並,,6
1793,柄,,7
1794,陛,,6
1795,閉,,6
1796,塀,塀,7
1797,幣,,7
1798,弊,,7
1799,蔽,,7
1800,餅,,7
1801,米,,2
1802,壁,,7
1803,璧,,7
1804,癖,,7
1805,別,,4
1806,蔑,,7
1807,片,,6
1808,辺,邊,4
1809,返,,3
1810,変,變,4
1811,偏,,7
1812,遍,,7
1813,編,,5
1814,弁,辨,5
1815,便,,4
1816,勉,勉,3
1817,歩,步,2
1818,保,,5
1819,哺,,7
1820,捕,,7
1821,補,,6
1822,舗,舖,7
1823,母,,2
1824,募,,7
1825,墓,,5
1826,慕,,7
1827,暮,,6
1828,簿,,7
1829,方,,2
1830,包,,4
1831,芳,,7
1832,邦,,7
1833,奉,,7
1834,宝,寶,6
1835,抱,,7
1836,放,,3
1837,法,,4
1838,泡,,7
1839,胞,,7
1840,俸,,7
1841,倣,,7
1842,峰,,7
1843,砲,,7
1844,崩,,7
1845,訪,,6
1846,報,,5
1847,蜂,,7
1848,豊,豐,5
1849,飽,,7
1850,褒,,7
1851,縫,,7
1852,亡,,6
1853,乏,,7
1854,忙,,7
1855,坊,,7
1856,妨,,7
1857,忘,,6
1858,防,,5
1859,房,,7
1860,肪,,7
1861,某,,7
1862,冒,,7
1863,剖,,7
1864,紡,,7
1865,望,,4
1866,傍,,7
1867,帽,,7
1868,棒,,6
1869,貿,,5
1870,貌,,7
1871,暴,,5
1872,膨,,7
1873,謀,,7
1874,頰,,7
1875,北,,2
1876,木,,1
1877,朴,,7
1878,牧,,4
1879,睦,,7
1880,僕,,7
1881,墨,墨,7
1882,撲,,7
1883,没,沒,7
1884,勃,,7
1885,堀,,7
1886,本,,1
1887,奔,,7
1888,翻,,7
1889,凡,,7
1890,盆,,7
1891,麻,,7
1892,摩,,7
1893,磨,,7
1894,魔,,7
1895,毎,每,2
1896,妹,,2
1897,枚,,6
1898,昧,,7
1899,埋,,7
1900,幕,,6
1901,膜,,7
1902,枕,,7
1903,又,,7
1904,末,,4
1905,抹,,7
1906,万,萬,2
1907,満,滿,4
1908,慢,,7
1909,漫,,7
1910,未,,4
1911,味,,3
1912,魅,,7
1913,岬,,7
1914,密,,6
1915,蜜,,7
1916,脈,,5
1917,妙,,7
1918,民,,4
1919,眠,,7
1920,矛,,7
1921,務,,5
1922,無,,4
1923,夢,,5
1924,霧,,7
1925,娘,,7
1926,名,,1
1927,命,,3
1928,明,,2
1929,迷,,5
1930,冥,,7
1931,盟,,6
1932,銘,,7
1933,鳴,,2
1934,滅,,7
1935,免,免,7
1936,面,,3
1937,綿,,5
1938,麺,麵,7
1939,茂,,7
1940,模,,6
1941,毛,,2
1942,妄,,7
1943,盲,,7
1944,耗,,7
1945,猛,,7
1946,網,,7
1947,目,,1
1948,黙,默,7
1949,門,,2
1950,紋,,7
1951,問,,3
1952,冶,,7
1953,夜,,2
1954,野,,2
1955,弥,彌,7
1956,厄,,7
1957,役,,3
1958,約,,4
1959,訳,譯,6
1960,薬,藥,3
1961,躍,,7
1962,闇,,7
1963,由,,3
1964,油,,3
1965,喩,,7
1966,愉,,7
1967,諭,,7
1968,輸,,5
1969,癒,,7
1970,唯,,7
1971,友,,2
1972,有,,3
1973,勇,,4
1974,幽,,7
1975,悠,,7
1976,郵,,6
1977,湧,,7
1978,猶,,7
1979,裕,,7
1980,遊,,3
1981,雄,,7
1982,誘,,7
1983,憂,,7
1984,融,,7
1985,優,,6
1986,与,與,7
1987,予,豫,3
1988,余,餘,5
1989,誉,譽,7
1990,預,,6
1991,幼,,6
1992,用,,2
1993,羊,,3
1994,妖,,7
1995,洋,,3
1996,要,,4
1997,容,,5
1998,庸,,7
1999,揚,,7
2000,揺,搖,7
2001,葉,,3
2002,陽,,3
2003,溶,,7
2004,腰,,7
2005,様,樣,3
2006,瘍,,7
2007,踊,,7
2008,窯,,7
2009,養,,4
2010,擁,,7
2011,謡,謠,7
2012,曜,,2
2013,抑,,7
2014,沃,,7
2015,浴,,4
2016,欲,,6
2017,翌,,6
2018,翼,,7
2019,拉,,7
2020,裸,,7
2021,羅,,7
2022,来,來,2
2023,雷,,7
2024,頼,賴,7
2025,絡,,7
2026,落,,3
2027,酪,,7
2028,辣,,7
2029,乱,亂,6
2030,卵,,6
2031,覧,覽,6
2032,濫,,7
2033,藍,,7
2034,欄,欄,7
2035,吏,,7
2036,利,,4
2037,里,,2
2038,理,,2
2039,痢,,7
2040,裏,,6
2041,履,,7
2042,璃,,7
2043,離,,7
2044,陸,,4
2045,立,,1
2046,律,,6
2047,慄,,7
2048,略,,5
2049,柳,,7
2050,流,,3
2051,留,,5
2052,竜,龍,7
2053,粒,,7
2054,隆,隆,7
2055,硫,,7
2056,侶,,7
2057,旅,,3
2058,虜,虜,7
2059,慮,,7
2060,了,,7
2061,両,兩,3
2062,良,,4
2063,料,,4
2064,涼,,7
2065,猟,獵,7
2066,陵,,7
2067,量,,4
2068,僚,,7
2069,領,,5
2070,寮,,7
2071,療,,7
2072,瞭,,7
2073,糧,,7
2074,力,,1
2075,緑,綠,3
2076,林,,1
2077,厘,,7
2078,倫,,7
2079,輪,,4
2080,隣,,7
2081,臨,,6
2082,瑠,,7
2083,涙,淚,7
2084,累,,7
2085,塁,壘,7
2086,類,類,4
2087,令,,4
2088,礼,禮,3
2089,冷,,4
2090,励,勵,7
2091,戻,戾,7
2092,例,,4
2093,鈴,,7
2094,零,,7
2095,霊,靈,7
2096,隷,,7
2097,齢,齡,7
2098,麗,,7
2099,暦,曆,7
2100,歴,歷,5
2101,列,,3
2102,劣,,7
2103,烈,,7
2104,裂,,7
2105,恋,戀,7
2106,連,,4
2107,廉,,7
2108,練,練,3
2109,錬,鍊,7
2110,呂,,7
2111,炉,爐,7
2112,賂,,7
2113,路,,3
2114,露,,7
2115,老,,4
2116,労,勞,4
2117,弄,,7
2118,郎,郞,7
2119,朗,朗,6
2120,浪,,7
2121,廊,廊,7
2122,楼,樓,7
2123,漏,,7
2124,籠,,7
2125,六,,1
2126,録,錄,4
2127,麓,,7
2128,論,,6
2129,和,,3
2130,話,,2
2131,賄,,7
2132,脇,,7
2133,惑,,7
2134,枠,,7
2135,湾,灣,7
2136,腕,,7
